{
  "momentum": {
    "name": "動能突破",
    "cagr": 6.908619140580163,
    "mdd": -61.591360827093446,
    "sharpe": 0.3696373750999917,
    "total_return": 254.15737947001404,
    "n_stocks_avg": 597.3882709807887
  },
  "revenue": {
    "name": "月營收動能",
    "cagr": 10.184884688648864,
    "mdd": -67.5174500932002,
    "sharpe": 0.5300817602861049,
    "total_return": 541.9442536256727,
    "n_stocks_avg": 287.9004329004329
  },
  "lowvol_momentum": {
    "name": "低波動+動能",
    "cagr": -0.8439278375428461,
    "mdd": -56.00559027169651,
    "sharpe": -0.24076175256604868,
    "total_return": -14.822190042096173,
    "n_stocks_avg": 151.85136501516683
  }
}