{
  "initial_capital": 1000000,
  "final_value": 1020073.6300528204,
  "total_return": 0.02007363005282043,
  "years": 2.751540041067762,
  "cagr": 0.007249308865631132,
  "max_drawdown": -0.061983284060069616,
  "sharpe": 0.26234226713904074,
  "total_trades": 45,
  "win_rate": 0.5777777777777777,
  "benchmark_0050_cagr": -0.024805370032920937
}