{
  "initial_capital": 1000000,
  "final_value": 1557860.7265949552,
  "total_return": 0.5578607265949552,
  "years": 2.8774811772758384,
  "cagr": 0.1665644462941236,
  "max_drawdown": -0.13133994405946015,
  "sharpe": 1.5427105591448567,
  "total_trades": 389,
  "win_rate": 0.5655526992287918,
  "benchmark_0050_cagr": -0.024805370032920937
}